<xml xmlns:o="urn:schemas-microsoft-com:office:office">
 <o:MainFile HRef="../nikaya_selected.html"/>
 <o:File HRef="preview.wmf"/>
 <o:File HRef="themedata.thmx"/>
 <o:File HRef="colorschememapping.xml"/>
 <o:File HRef="image001.gif"/>
 <o:File HRef="image002.gif"/>
 <o:File HRef="image003.gif"/>
 <o:File HRef="image004.gif"/>
 <o:File HRef="image005.gif"/>
 <o:File HRef="image006.gif"/>
 <o:File HRef="image007.gif"/>
 <o:File HRef="image008.gif"/>
 <o:File HRef="image009.gif"/>
 <o:File HRef="image010.gif"/>
 <o:File HRef="image011.gif"/>
 <o:File HRef="image012.gif"/>
 <o:File HRef="image013.gif"/>
 <o:File HRef="image014.gif"/>
 <o:File HRef="image015.gif"/>
 <o:File HRef="image016.gif"/>
 <o:File HRef="image017.gif"/>
 <o:File HRef="image018.gif"/>
 <o:File HRef="image019.gif"/>
 <o:File HRef="image020.gif"/>
 <o:File HRef="image021.gif"/>
 <o:File HRef="image022.gif"/>
 <o:File HRef="image023.gif"/>
 <o:File HRef="image024.gif"/>
 <o:File HRef="image025.gif"/>
 <o:File HRef="image026.gif"/>
 <o:File HRef="image027.gif"/>
 <o:File HRef="image028.gif"/>
 <o:File HRef="image029.gif"/>
 <o:File HRef="image030.gif"/>
 <o:File HRef="image031.gif"/>
 <o:File HRef="image032.gif"/>
 <o:File HRef="image033.gif"/>
 <o:File HRef="image034.gif"/>
 <o:File HRef="image035.gif"/>
 <o:File HRef="image036.gif"/>
 <o:File HRef="image037.gif"/>
 <o:File HRef="image038.gif"/>
 <o:File HRef="image039.gif"/>
 <o:File HRef="image040.gif"/>
 <o:File HRef="image041.gif"/>
 <o:File HRef="image042.gif"/>
 <o:File HRef="image043.gif"/>
 <o:File HRef="image044.gif"/>
 <o:File HRef="image045.gif"/>
 <o:File HRef="image046.gif"/>
 <o:File HRef="image047.gif"/>
 <o:File HRef="image048.gif"/>
 <o:File HRef="image049.gif"/>
 <o:File HRef="image050.gif"/>
 <o:File HRef="image051.gif"/>
 <o:File HRef="image052.gif"/>
 <o:File HRef="image053.gif"/>
 <o:File HRef="image054.gif"/>
 <o:File HRef="image055.gif"/>
 <o:File HRef="image056.gif"/>
 <o:File HRef="image057.gif"/>
 <o:File HRef="image058.gif"/>
 <o:File HRef="image059.gif"/>
 <o:File HRef="image060.gif"/>
 <o:File HRef="image061.gif"/>
 <o:File HRef="image062.gif"/>
 <o:File HRef="image063.gif"/>
 <o:File HRef="image064.gif"/>
 <o:File HRef="image065.gif"/>
 <o:File HRef="image066.gif"/>
 <o:File HRef="image067.gif"/>
 <o:File HRef="image068.gif"/>
 <o:File HRef="image069.gif"/>
 <o:File HRef="image070.gif"/>
 <o:File HRef="image071.gif"/>
 <o:File HRef="image072.gif"/>
 <o:File HRef="image073.gif"/>
 <o:File HRef="image074.gif"/>
 <o:File HRef="image075.gif"/>
 <o:File HRef="image076.gif"/>
 <o:File HRef="image077.gif"/>
 <o:File HRef="image078.gif"/>
 <o:File HRef="image079.gif"/>
 <o:File HRef="image080.gif"/>
 <o:File HRef="image081.gif"/>
 <o:File HRef="image082.gif"/>
 <o:File HRef="image083.gif"/>
 <o:File HRef="image084.gif"/>
 <o:File HRef="image085.gif"/>
 <o:File HRef="image086.gif"/>
 <o:File HRef="image087.gif"/>
 <o:File HRef="image088.gif"/>
 <o:File HRef="image089.gif"/>
 <o:File HRef="image090.gif"/>
 <o:File HRef="image091.gif"/>
 <o:File HRef="image092.gif"/>
 <o:File HRef="image093.gif"/>
 <o:File HRef="image094.gif"/>
 <o:File HRef="image095.gif"/>
 <o:File HRef="image096.gif"/>
 <o:File HRef="image097.gif"/>
 <o:File HRef="image098.gif"/>
 <o:File HRef="image099.gif"/>
 <o:File HRef="image100.gif"/>
 <o:File HRef="image101.gif"/>
 <o:File HRef="image102.gif"/>
 <o:File HRef="image103.gif"/>
 <o:File HRef="image104.gif"/>
 <o:File HRef="image105.gif"/>
 <o:File HRef="image106.png"/>
 <o:File HRef="image107.gif"/>
 <o:File HRef="image108.gif"/>
 <o:File HRef="image109.gif"/>
 <o:File HRef="image110.gif"/>
 <o:File HRef="image111.gif"/>
 <o:File HRef="image112.gif"/>
 <o:File HRef="image113.gif"/>
 <o:File HRef="image114.gif"/>
 <o:File HRef="image115.gif"/>
 <o:File HRef="image116.gif"/>
 <o:File HRef="image117.gif"/>
 <o:File HRef="image118.gif"/>
 <o:File HRef="image119.gif"/>
 <o:File HRef="image120.gif"/>
 <o:File HRef="image121.gif"/>
 <o:File HRef="image122.gif"/>
 <o:File HRef="image123.gif"/>
 <o:File HRef="image124.gif"/>
 <o:File HRef="image125.gif"/>
 <o:File HRef="image126.gif"/>
 <o:File HRef="image127.gif"/>
 <o:File HRef="image128.gif"/>
 <o:File HRef="image129.gif"/>
 <o:File HRef="image130.gif"/>
 <o:File HRef="image131.gif"/>
 <o:File HRef="image132.gif"/>
 <o:File HRef="image133.gif"/>
 <o:File HRef="image134.gif"/>
 <o:File HRef="image135.gif"/>
 <o:File HRef="image136.gif"/>
 <o:File HRef="image137.gif"/>
 <o:File HRef="image138.gif"/>
 <o:File HRef="image139.gif"/>
 <o:File HRef="image140.gif"/>
 <o:File HRef="image141.gif"/>
 <o:File HRef="image142.gif"/>
 <o:File HRef="image143.gif"/>
 <o:File HRef="image144.gif"/>
 <o:File HRef="image145.gif"/>
 <o:File HRef="image146.gif"/>
 <o:File HRef="image147.gif"/>
 <o:File HRef="image148.gif"/>
 <o:File HRef="image149.gif"/>
 <o:File HRef="image150.gif"/>
 <o:File HRef="image151.gif"/>
 <o:File HRef="image152.gif"/>
 <o:File HRef="image153.gif"/>
 <o:File HRef="image154.gif"/>
 <o:File HRef="image155.gif"/>
 <o:File HRef="image156.gif"/>
 <o:File HRef="image157.gif"/>
 <o:File HRef="image158.gif"/>
 <o:File HRef="image159.gif"/>
 <o:File HRef="image160.gif"/>
 <o:File HRef="image161.gif"/>
 <o:File HRef="image162.gif"/>
 <o:File HRef="image163.gif"/>
 <o:File HRef="image164.gif"/>
 <o:File HRef="image165.gif"/>
 <o:File HRef="image166.gif"/>
 <o:File HRef="image167.gif"/>
 <o:File HRef="image168.gif"/>
 <o:File HRef="image169.gif"/>
 <o:File HRef="image170.gif"/>
 <o:File HRef="image171.gif"/>
 <o:File HRef="image172.gif"/>
 <o:File HRef="image173.gif"/>
 <o:File HRef="image174.gif"/>
 <o:File HRef="image175.gif"/>
 <o:File HRef="image176.gif"/>
 <o:File HRef="image177.gif"/>
 <o:File HRef="image178.gif"/>
 <o:File HRef="image179.gif"/>
 <o:File HRef="image180.gif"/>
 <o:File HRef="image181.gif"/>
 <o:File HRef="image182.gif"/>
 <o:File HRef="image183.gif"/>
 <o:File HRef="image184.gif"/>
 <o:File HRef="image185.gif"/>
 <o:File HRef="image186.gif"/>
 <o:File HRef="image187.gif"/>
 <o:File HRef="image188.gif"/>
 <o:File HRef="image189.gif"/>
 <o:File HRef="image190.gif"/>
 <o:File HRef="image191.gif"/>
 <o:File HRef="image192.gif"/>
 <o:File HRef="image193.gif"/>
 <o:File HRef="image194.gif"/>
 <o:File HRef="image195.gif"/>
 <o:File HRef="image196.gif"/>
 <o:File HRef="image197.gif"/>
 <o:File HRef="image198.gif"/>
 <o:File HRef="image199.gif"/>
 <o:File HRef="image200.gif"/>
 <o:File HRef="image201.gif"/>
 <o:File HRef="image202.gif"/>
 <o:File HRef="image203.gif"/>
 <o:File HRef="image204.gif"/>
 <o:File HRef="image205.gif"/>
 <o:File HRef="image206.gif"/>
 <o:File HRef="image207.gif"/>
 <o:File HRef="image208.gif"/>
 <o:File HRef="image209.gif"/>
 <o:File HRef="image210.gif"/>
 <o:File HRef="image211.gif"/>
 <o:File HRef="image212.gif"/>
 <o:File HRef="image213.gif"/>
 <o:File HRef="image214.gif"/>
 <o:File HRef="image215.gif"/>
 <o:File HRef="image216.gif"/>
 <o:File HRef="image217.gif"/>
 <o:File HRef="image218.gif"/>
 <o:File HRef="image219.gif"/>
 <o:File HRef="image220.gif"/>
 <o:File HRef="image221.gif"/>
 <o:File HRef="image222.gif"/>
 <o:File HRef="image223.gif"/>
 <o:File HRef="image224.gif"/>
 <o:File HRef="image225.gif"/>
 <o:File HRef="image226.gif"/>
 <o:File HRef="image227.gif"/>
 <o:File HRef="image228.gif"/>
 <o:File HRef="image229.gif"/>
 <o:File HRef="image230.gif"/>
 <o:File HRef="image231.gif"/>
 <o:File HRef="image232.gif"/>
 <o:File HRef="image233.gif"/>
 <o:File HRef="image234.gif"/>
 <o:File HRef="image235.gif"/>
 <o:File HRef="image236.gif"/>
 <o:File HRef="image237.gif"/>
 <o:File HRef="image238.gif"/>
 <o:File HRef="image239.gif"/>
 <o:File HRef="image240.gif"/>
 <o:File HRef="image241.gif"/>
 <o:File HRef="image242.gif"/>
 <o:File HRef="image243.gif"/>
 <o:File HRef="image244.gif"/>
 <o:File HRef="image245.gif"/>
 <o:File HRef="image246.gif"/>
 <o:File HRef="image247.gif"/>
 <o:File HRef="image248.gif"/>
 <o:File HRef="image249.gif"/>
 <o:File HRef="image250.gif"/>
 <o:File HRef="image251.gif"/>
 <o:File HRef="image252.gif"/>
 <o:File HRef="image253.gif"/>
 <o:File HRef="image254.gif"/>
 <o:File HRef="image255.jpg"/>
 <o:File HRef="image256.jpg"/>
 <o:File HRef="image257.gif"/>
 <o:File HRef="image258.gif"/>
 <o:File HRef="image259.gif"/>
 <o:File HRef="image260.gif"/>
 <o:File HRef="image261.gif"/>
 <o:File HRef="image262.gif"/>
 <o:File HRef="image263.gif"/>
 <o:File HRef="image264.gif"/>
 <o:File HRef="image265.gif"/>
 <o:File HRef="image266.gif"/>
 <o:File HRef="image267.gif"/>
 <o:File HRef="image268.gif"/>
 <o:File HRef="image269.gif"/>
 <o:File HRef="image270.gif"/>
 <o:File HRef="image271.gif"/>
 <o:File HRef="image272.gif"/>
 <o:File HRef="image273.gif"/>
 <o:File HRef="image274.gif"/>
 <o:File HRef="image275.gif"/>
 <o:File HRef="image276.gif"/>
 <o:File HRef="image277.gif"/>
 <o:File HRef="image278.gif"/>
 <o:File HRef="image279.gif"/>
 <o:File HRef="image280.gif"/>
 <o:File HRef="image281.gif"/>
 <o:File HRef="image282.gif"/>
 <o:File HRef="image283.png"/>
 <o:File HRef="image284.gif"/>
 <o:File HRef="header.html"/>
 <o:File HRef="filelist.xml"/>
</xml>